{"cameraMode":{"drawMode":0,"name":"Shaded","section":"Shading Mode"},"sceneLighting":false,"audioPlay":false,"sceneViewState":{"showFog":true,"showMaterialUpdate":false,"showSkybox":true,"showFlares":true,"showImageEffects":true,"showParticleSystems":true},"in2DMode":false,"pivot":{"x":28.68436050415039,"y":-3.205038070678711,"z":-10.760693550109864},"rotation":{"x":0.09703434258699417,"y":0.8671936392784119,"z":-0.18487291038036347,"w":0.45238861441612246},"size":7.141332626342773,"orthographic":false}