{"cameraMode":{"drawMode":0,"name":"Shaded","section":"Shading Mode"},"sceneLighting":false,"audioPlay":false,"sceneViewState":{"showFog":true,"showMaterialUpdate":false,"showSkybox":false,"showFlares":true,"showImageEffects":true,"showParticleSystems":true},"in2DMode":false,"pivot":{"x":6.777506351470947,"y":0.18388837575912476,"z":-5.099114418029785},"rotation":{"x":0.09483198821544647,"y":0.7651864290237427,"z":-0.11588888615369797,"w":0.6261529326438904},"size":4.781697750091553,"orthographic":false}